{"assets/file/termsFile.html":["assets/file/termsFile.html"],"assets/fonts/dp_clear_medium.ttf":["assets/fonts/dp_clear_medium.ttf"],"assets/fonts/dp_clear_regular.ttf":["assets/fonts/dp_clear_regular.ttf"],"assets/images/app_logo.png":["assets/images/app_logo.png"],"assets/images/app_logo_mobile.png":["assets/images/app_logo_mobile.png"],"assets/images/bg_image.png":["assets/images/bg_image.png"],"assets/images/bg_logo_image.png":["assets/images/bg_logo_image.png"],"assets/images/bg_web.png":["assets/images/bg_web.png"],"assets/images/congrats.png":["assets/images/congrats.png"],"assets/images/discover_dummy_img.png":["assets/images/discover_dummy_img.png"],"assets/images/dummy_image.png":["assets/images/dummy_image.png"],"assets/images/ic_account_white.png":["assets/images/ic_account_white.png"],"assets/images/ic_account_yellow.png":["assets/images/ic_account_yellow.png"],"assets/images/ic_alert.png":["assets/images/ic_alert.png"],"assets/images/ic_annual_bg.png":["assets/images/ic_annual_bg.png"],"assets/images/ic_apple_pay.png":["assets/images/ic_apple_pay.png"],"assets/images/ic_arrow_left.png":["assets/images/ic_arrow_left.png"],"assets/images/ic_attachment.png":["assets/images/ic_attachment.png"],"assets/images/ic_bag_tick.png":["assets/images/ic_bag_tick.png"],"assets/images/ic_bg_dark_blue.png":["assets/images/ic_bg_dark_blue.png"],"assets/images/ic_black_bg.png":["assets/images/ic_black_bg.png"],"assets/images/ic_bottom_arrow.png":["assets/images/ic_bottom_arrow.png"],"assets/images/ic_button.png":["assets/images/ic_button.png"],"assets/images/ic_buy_subscription.png":["assets/images/ic_buy_subscription.png"],"assets/images/ic_cancel_subscription_btn.png":["assets/images/ic_cancel_subscription_btn.png"],"assets/images/ic_cards.png":["assets/images/ic_cards.png"],"assets/images/ic_close.png":["assets/images/ic_close.png"],"assets/images/ic_close_bg.png":["assets/images/ic_close_bg.png"],"assets/images/ic_close_btn.png":["assets/images/ic_close_btn.png"],"assets/images/ic_close_icon.png":["assets/images/ic_close_icon.png"],"assets/images/ic_convert.png":["assets/images/ic_convert.png"],"assets/images/ic_create_white.png":["assets/images/ic_create_white.png"],"assets/images/ic_create_yellow.png":["assets/images/ic_create_yellow.png"],"assets/images/ic_delete.png":["assets/images/ic_delete.png"],"assets/images/ic_delete_white.png":["assets/images/ic_delete_white.png"],"assets/images/ic_discover.png":["assets/images/ic_discover.png"],"assets/images/ic_discover_btn.png":["assets/images/ic_discover_btn.png"],"assets/images/ic_discover_button.png":["assets/images/ic_discover_button.png"],"assets/images/ic_discover_white.png":["assets/images/ic_discover_white.png"],"assets/images/ic_discover_yellow.png":["assets/images/ic_discover_yellow.png"],"assets/images/ic_download.png":["assets/images/ic_download.png"],"assets/images/ic_dummy_home_web.png":["assets/images/ic_dummy_home_web.png"],"assets/images/ic_edit.png":["assets/images/ic_edit.png"],"assets/images/ic_edit_pencil.png":["assets/images/ic_edit_pencil.png"],"assets/images/ic_empty_tick.png":["assets/images/ic_empty_tick.png"],"assets/images/ic_export_button.png":["assets/images/ic_export_button.png"],"assets/images/ic_fb.png":["assets/images/ic_fb.png"],"assets/images/ic_gallery.png":["assets/images/ic_gallery.png"],"assets/images/ic_google_play_icon.png":["assets/images/ic_google_play_icon.png"],"assets/images/ic_grid_view.png":["assets/images/ic_grid_view.png"],"assets/images/ic_half_yearly_bg.png":["assets/images/ic_half_yearly_bg.png"],"assets/images/ic_heart_empty.png":["assets/images/ic_heart_empty.png"],"assets/images/ic_heart_icon.png":["assets/images/ic_heart_icon.png"],"assets/images/ic_home.png":["assets/images/ic_home.png"],"assets/images/ic_home_white.png":["assets/images/ic_home_white.png"],"assets/images/ic_home_yellow.png":["assets/images/ic_home_yellow.png"],"assets/images/ic_library_white.png":["assets/images/ic_library_white.png"],"assets/images/ic_library_yellow.png":["assets/images/ic_library_yellow.png"],"assets/images/ic_list_view.png":["assets/images/ic_list_view.png"],"assets/images/ic_monthly_bg.png":["assets/images/ic_monthly_bg.png"],"assets/images/ic_more.png":["assets/images/ic_more.png"],"assets/images/ic_pause_icon.png":["assets/images/ic_pause_icon.png"],"assets/images/ic_pause_white.png":["assets/images/ic_pause_white.png"],"assets/images/ic_play.png":["assets/images/ic_play.png"],"assets/images/ic_play_button_white.png":["assets/images/ic_play_button_white.png"],"assets/images/ic_play_icon.png":["assets/images/ic_play_icon.png"],"assets/images/ic_push.png":["assets/images/ic_push.png"],"assets/images/ic_save.png":["assets/images/ic_save.png"],"assets/images/ic_send_email_bg.png":["assets/images/ic_send_email_bg.png"],"assets/images/ic_send_email_bg_mobile.png":["assets/images/ic_send_email_bg_mobile.png"],"assets/images/ic_shadow.png":["assets/images/ic_shadow.png"],"assets/images/ic_sms.png":["assets/images/ic_sms.png"],"assets/images/ic_step.png":["assets/images/ic_step.png"],"assets/images/ic_stop.png":["assets/images/ic_stop.png"],"assets/images/ic_stop_icon.png":["assets/images/ic_stop_icon.png"],"assets/images/ic_stop_icon_white.png":["assets/images/ic_stop_icon_white.png"],"assets/images/ic_text_button.png":["assets/images/ic_text_button.png"],"assets/images/ic_tick_circle.png":["assets/images/ic_tick_circle.png"],"assets/images/ic_tick_yellow.png":["assets/images/ic_tick_yellow.png"],"assets/images/ic_trash.png":["assets/images/ic_trash.png"],"assets/images/ic_twitter.png":["assets/images/ic_twitter.png"],"assets/images/ic_video.png":["assets/images/ic_video.png"],"assets/images/ic_write_sub.png":["assets/images/ic_write_sub.png"],"assets/images/logout_web.png":["assets/images/logout_web.png"],"packages/cupertino_icons/assets/CupertinoIcons.ttf":["packages/cupertino_icons/assets/CupertinoIcons.ttf"],"packages/flutter_math_fork/lib/katex_fonts/fonts/KaTeX_AMS-Regular.ttf":["packages/flutter_math_fork/lib/katex_fonts/fonts/KaTeX_AMS-Regular.ttf"],"packages/flutter_math_fork/lib/katex_fonts/fonts/KaTeX_Caligraphic-Bold.ttf":["packages/flutter_math_fork/lib/katex_fonts/fonts/KaTeX_Caligraphic-Bold.ttf"],"packages/flutter_math_fork/lib/katex_fonts/fonts/KaTeX_Caligraphic-Regular.ttf":["packages/flutter_math_fork/lib/katex_fonts/fonts/KaTeX_Caligraphic-Regular.ttf"],"packages/flutter_math_fork/lib/katex_fonts/fonts/KaTeX_Fraktur-Bold.ttf":["packages/flutter_math_fork/lib/katex_fonts/fonts/KaTeX_Fraktur-Bold.ttf"],"packages/flutter_math_fork/lib/katex_fonts/fonts/KaTeX_Fraktur-Regular.ttf":["packages/flutter_math_fork/lib/katex_fonts/fonts/KaTeX_Fraktur-Regular.ttf"],"packages/flutter_math_fork/lib/katex_fonts/fonts/KaTeX_Main-Bold.ttf":["packages/flutter_math_fork/lib/katex_fonts/fonts/KaTeX_Main-Bold.ttf"],"packages/flutter_math_fork/lib/katex_fonts/fonts/KaTeX_Main-BoldItalic.ttf":["packages/flutter_math_fork/lib/katex_fonts/fonts/KaTeX_Main-BoldItalic.ttf"],"packages/flutter_math_fork/lib/katex_fonts/fonts/KaTeX_Main-Italic.ttf":["packages/flutter_math_fork/lib/katex_fonts/fonts/KaTeX_Main-Italic.ttf"],"packages/flutter_math_fork/lib/katex_fonts/fonts/KaTeX_Main-Regular.ttf":["packages/flutter_math_fork/lib/katex_fonts/fonts/KaTeX_Main-Regular.ttf"],"packages/flutter_math_fork/lib/katex_fonts/fonts/KaTeX_Math-BoldItalic.ttf":["packages/flutter_math_fork/lib/katex_fonts/fonts/KaTeX_Math-BoldItalic.ttf"],"packages/flutter_math_fork/lib/katex_fonts/fonts/KaTeX_Math-Italic.ttf":["packages/flutter_math_fork/lib/katex_fonts/fonts/KaTeX_Math-Italic.ttf"],"packages/flutter_math_fork/lib/katex_fonts/fonts/KaTeX_SansSerif-Bold.ttf":["packages/flutter_math_fork/lib/katex_fonts/fonts/KaTeX_SansSerif-Bold.ttf"],"packages/flutter_math_fork/lib/katex_fonts/fonts/KaTeX_SansSerif-Italic.ttf":["packages/flutter_math_fork/lib/katex_fonts/fonts/KaTeX_SansSerif-Italic.ttf"],"packages/flutter_math_fork/lib/katex_fonts/fonts/KaTeX_SansSerif-Regular.ttf":["packages/flutter_math_fork/lib/katex_fonts/fonts/KaTeX_SansSerif-Regular.ttf"],"packages/flutter_math_fork/lib/katex_fonts/fonts/KaTeX_Script-Regular.ttf":["packages/flutter_math_fork/lib/katex_fonts/fonts/KaTeX_Script-Regular.ttf"],"packages/flutter_math_fork/lib/katex_fonts/fonts/KaTeX_Size1-Regular.ttf":["packages/flutter_math_fork/lib/katex_fonts/fonts/KaTeX_Size1-Regular.ttf"],"packages/flutter_math_fork/lib/katex_fonts/fonts/KaTeX_Size2-Regular.ttf":["packages/flutter_math_fork/lib/katex_fonts/fonts/KaTeX_Size2-Regular.ttf"],"packages/flutter_math_fork/lib/katex_fonts/fonts/KaTeX_Size3-Regular.ttf":["packages/flutter_math_fork/lib/katex_fonts/fonts/KaTeX_Size3-Regular.ttf"],"packages/flutter_math_fork/lib/katex_fonts/fonts/KaTeX_Size4-Regular.ttf":["packages/flutter_math_fork/lib/katex_fonts/fonts/KaTeX_Size4-Regular.ttf"],"packages/flutter_math_fork/lib/katex_fonts/fonts/KaTeX_Typewriter-Regular.ttf":["packages/flutter_math_fork/lib/katex_fonts/fonts/KaTeX_Typewriter-Regular.ttf"],"packages/fluttertoast/assets/toastify.css":["packages/fluttertoast/assets/toastify.css"],"packages/fluttertoast/assets/toastify.js":["packages/fluttertoast/assets/toastify.js"],"packages/wakelock_web/assets/no_sleep.js":["packages/wakelock_web/assets/no_sleep.js"]}